timestamp,event_type,model_name,status
2026-02-12 17:08:31.195332,prediction,Unknown,failure
2026-02-12 17:15:52.168703,prediction,RandomForestClassifier,success
2026-02-12 18:37:26.656177,prediction,RandomForestClassifier,success
2026-02-12 18:37:26.657678,prediction,RandomForestClassifier,success
2026-02-12 18:37:26.658678,prediction,RandomForestClassifier,success
2026-02-12 18:37:26.658678,prediction,RandomForestClassifier,success
2026-02-12 18:37:26.660185,prediction,RandomForestClassifier,success
2026-02-12 18:37:26.661185,prediction,RandomForestClassifier,success
2026-02-12 18:37:26.661185,prediction,RandomForestClassifier,success
2026-02-12 18:37:26.671627,prediction,RandomForestClassifier,success
2026-02-12 18:37:26.671627,prediction,RandomForestClassifier,success
2026-02-12 18:37:26.673112,prediction,RandomForestClassifier,success
2026-02-12 18:37:26.674091,prediction,RandomForestClassifier,success
2026-02-12 18:37:26.674091,prediction,RandomForestClassifier,success
2026-02-12 20:18:24.160004,prediction,RandomForestClassifier,success
2026-02-12 20:18:24.161307,prediction,RandomForestClassifier,success
2026-02-12 20:18:24.161307,prediction,RandomForestClassifier,success
2026-02-12 20:18:24.161307,prediction,RandomForestClassifier,success
2026-02-12 20:18:24.161307,prediction,RandomForestClassifier,success
2026-02-12 20:18:24.161307,prediction,RandomForestClassifier,success
2026-02-12 20:18:24.162785,prediction,RandomForestClassifier,success
2026-02-12 20:18:24.162785,prediction,RandomForestClassifier,success
2026-02-12 20:18:24.162785,prediction,RandomForestClassifier,success
2026-02-12 20:18:24.162785,prediction,RandomForestClassifier,success
2026-02-12 20:18:24.163937,prediction,RandomForestClassifier,success
2026-02-12 20:18:24.163937,prediction,RandomForestClassifier,success
2026-02-18 17:15:19.530954,prediction,RandomForestClassifier,success
2026-02-18 17:15:19.530954,prediction,RandomForestClassifier,success
2026-02-18 17:15:19.530954,prediction,RandomForestClassifier,success
2026-02-18 17:15:19.530954,prediction,RandomForestClassifier,success
2026-02-18 17:15:19.530954,prediction,RandomForestClassifier,success
2026-02-18 17:15:19.530954,prediction,RandomForestClassifier,success
2026-02-18 17:15:19.530954,prediction,RandomForestClassifier,success
2026-02-18 17:15:19.530954,prediction,RandomForestClassifier,success
2026-02-18 17:15:19.530954,prediction,RandomForestClassifier,success
2026-02-18 17:15:19.530954,prediction,RandomForestClassifier,success
2026-02-18 17:15:19.530954,prediction,RandomForestClassifier,success
2026-02-18 17:15:19.542794,prediction,RandomForestClassifier,success
2026-02-18 17:16:36.410383,prediction,RandomForestClassifier,success
2026-02-18 17:16:36.410383,prediction,RandomForestClassifier,success
2026-02-18 17:16:36.410383,prediction,RandomForestClassifier,success
2026-02-18 17:16:36.417918,prediction,RandomForestClassifier,success
2026-02-18 17:16:36.417918,prediction,RandomForestClassifier,success
2026-02-18 17:16:36.419681,prediction,RandomForestClassifier,success
2026-02-18 17:16:36.420515,prediction,RandomForestClassifier,success
2026-02-18 17:16:36.420515,prediction,RandomForestClassifier,success
2026-02-18 17:16:36.420515,prediction,RandomForestClassifier,success
2026-02-18 17:16:36.420515,prediction,RandomForestClassifier,success
2026-02-18 17:16:36.420515,prediction,RandomForestClassifier,success
2026-02-18 17:16:36.423297,prediction,RandomForestClassifier,success
2026-02-18 17:17:27.273289,prediction,RandomForestClassifier,success
2026-02-18 17:17:27.275022,prediction,RandomForestClassifier,success
2026-02-18 17:17:27.275022,prediction,RandomForestClassifier,success
2026-02-18 17:17:27.275022,prediction,RandomForestClassifier,success
2026-02-18 17:17:27.277036,prediction,RandomForestClassifier,success
2026-02-18 17:17:27.277036,prediction,RandomForestClassifier,success
2026-02-18 17:17:27.278654,prediction,RandomForestClassifier,success
2026-02-18 17:17:27.278654,prediction,RandomForestClassifier,success
2026-02-18 17:17:27.278654,prediction,RandomForestClassifier,success
2026-02-18 17:17:27.281238,prediction,RandomForestClassifier,success
2026-02-18 17:17:27.281238,prediction,RandomForestClassifier,success
2026-02-18 17:17:27.282251,prediction,RandomForestClassifier,success
2026-02-18 18:41:57.297333,prediction,RandomForestClassifier,success
2026-02-18 18:41:57.302510,prediction,RandomForestClassifier,success
2026-02-18 18:41:57.302510,prediction,RandomForestClassifier,success
2026-02-18 18:41:57.302510,prediction,RandomForestClassifier,success
2026-02-18 18:41:57.302510,prediction,RandomForestClassifier,success
2026-02-18 18:41:57.302510,prediction,RandomForestClassifier,success
2026-02-18 18:41:57.302510,prediction,RandomForestClassifier,success
2026-02-18 18:41:57.302510,prediction,RandomForestClassifier,success
2026-02-18 18:41:57.307700,prediction,RandomForestClassifier,success
2026-02-18 18:41:57.308817,prediction,RandomForestClassifier,success
2026-02-18 18:41:57.308817,prediction,RandomForestClassifier,success
2026-02-18 18:41:57.311130,prediction,RandomForestClassifier,success
2026-02-18 18:48:14.973665,prediction,RandomForestClassifier,success
2026-02-18 18:48:14.975636,prediction,RandomForestClassifier,success
2026-02-18 18:48:14.975636,prediction,RandomForestClassifier,success
2026-02-18 18:48:14.975636,prediction,RandomForestClassifier,success
2026-02-18 18:48:14.975636,prediction,RandomForestClassifier,success
2026-02-18 18:48:14.979173,prediction,RandomForestClassifier,success
2026-02-18 18:48:14.979173,prediction,RandomForestClassifier,success
2026-02-18 18:48:14.980318,prediction,RandomForestClassifier,success
2026-02-18 18:48:14.980318,prediction,RandomForestClassifier,success
2026-02-18 18:48:14.980318,prediction,RandomForestClassifier,success
2026-02-18 18:48:14.980318,prediction,RandomForestClassifier,success
2026-02-18 18:48:14.980318,prediction,RandomForestClassifier,success
2026-02-18 19:05:22.039850,prediction,RandomForestClassifier,success
2026-02-18 19:05:22.039850,prediction,RandomForestClassifier,success
2026-02-18 19:05:22.039850,prediction,RandomForestClassifier,success
2026-02-18 19:05:22.039850,prediction,RandomForestClassifier,success
2026-02-18 19:05:22.039850,prediction,RandomForestClassifier,success
2026-02-18 19:05:22.049965,prediction,RandomForestClassifier,success
2026-02-18 19:05:22.049965,prediction,RandomForestClassifier,success
2026-02-18 19:05:22.049965,prediction,RandomForestClassifier,success
2026-02-18 19:05:22.049965,prediction,RandomForestClassifier,success
2026-02-18 19:05:22.049965,prediction,RandomForestClassifier,success
2026-02-18 19:05:22.053083,prediction,RandomForestClassifier,success
2026-02-18 19:05:22.054106,prediction,RandomForestClassifier,success
2026-02-18 19:05:43.755568,prediction,RandomForestClassifier,success
2026-02-18 19:05:43.759089,prediction,RandomForestClassifier,success
2026-02-18 19:05:43.759089,prediction,RandomForestClassifier,success
2026-02-18 19:05:43.759089,prediction,RandomForestClassifier,success
2026-02-18 19:05:43.762270,prediction,RandomForestClassifier,success
2026-02-18 19:05:43.762270,prediction,RandomForestClassifier,success
2026-02-18 19:05:43.762270,prediction,RandomForestClassifier,success
2026-02-18 19:05:43.764983,prediction,RandomForestClassifier,success
2026-02-18 19:05:43.764983,prediction,RandomForestClassifier,success
2026-02-18 19:05:43.766995,prediction,RandomForestClassifier,success
2026-02-18 19:05:43.766995,prediction,RandomForestClassifier,success
2026-02-18 19:05:43.769008,prediction,RandomForestClassifier,success
2026-02-18 19:23:26.452019,prediction,RandomForestClassifier,success
2026-02-18 19:23:26.452019,prediction,RandomForestClassifier,success
2026-02-18 19:23:26.452019,prediction,RandomForestClassifier,success
2026-02-18 19:23:26.456317,prediction,RandomForestClassifier,success
2026-02-18 19:23:26.456317,prediction,RandomForestClassifier,success
2026-02-18 19:23:26.456317,prediction,RandomForestClassifier,success
2026-02-18 19:23:26.458330,prediction,RandomForestClassifier,success
2026-02-18 19:23:26.458330,prediction,RandomForestClassifier,success
2026-02-18 19:23:26.459843,prediction,RandomForestClassifier,success
2026-02-18 19:23:26.462533,prediction,RandomForestClassifier,success
2026-02-18 19:23:26.462533,prediction,RandomForestClassifier,success
2026-02-18 19:23:26.463834,prediction,RandomForestClassifier,success
2026-02-18 19:24:34.354564,prediction,RandomForestClassifier,success
2026-02-18 19:24:34.356627,prediction,RandomForestClassifier,success
2026-02-18 19:24:34.357990,prediction,RandomForestClassifier,success
2026-02-18 19:24:34.357990,prediction,RandomForestClassifier,success
2026-02-18 19:24:34.359761,prediction,RandomForestClassifier,success
2026-02-18 19:24:34.359761,prediction,RandomForestClassifier,success
2026-02-18 19:24:34.359761,prediction,RandomForestClassifier,success
2026-02-18 19:24:34.359761,prediction,RandomForestClassifier,success
2026-02-18 19:24:34.359761,prediction,RandomForestClassifier,success
2026-02-18 19:24:34.364080,prediction,RandomForestClassifier,success
2026-02-18 19:24:34.364080,prediction,RandomForestClassifier,success
2026-02-18 19:24:34.364080,prediction,RandomForestClassifier,success
2026-02-18 19:25:34.974818,prediction,Unknown,failure
2026-02-18 19:27:03.802459,prediction,RandomForestClassifier,success
2026-02-18 19:27:03.802459,prediction,RandomForestClassifier,success
2026-02-18 19:27:03.804945,prediction,RandomForestClassifier,success
2026-02-18 19:27:03.804945,prediction,RandomForestClassifier,success
2026-02-18 19:27:03.804945,prediction,RandomForestClassifier,success
2026-02-18 19:27:03.804945,prediction,RandomForestClassifier,success
2026-02-18 19:27:03.804945,prediction,RandomForestClassifier,success
2026-02-18 19:27:03.804945,prediction,RandomForestClassifier,success
2026-02-18 19:27:03.809582,prediction,RandomForestClassifier,success
2026-02-18 19:27:03.809582,prediction,RandomForestClassifier,success
2026-02-18 19:27:03.809582,prediction,RandomForestClassifier,success
2026-02-18 19:27:03.809582,prediction,RandomForestClassifier,success
2026-02-18 19:28:31.332216,prediction,RandomForestClassifier,success
2026-02-18 19:28:31.336924,prediction,RandomForestClassifier,success
2026-02-18 19:28:31.336924,prediction,RandomForestClassifier,success
2026-02-18 19:28:31.336924,prediction,RandomForestClassifier,success
2026-02-18 19:28:31.340041,prediction,RandomForestClassifier,success
2026-02-18 19:28:31.340041,prediction,RandomForestClassifier,success
2026-02-18 19:28:31.340041,prediction,RandomForestClassifier,success
2026-02-18 19:28:31.340041,prediction,RandomForestClassifier,success
2026-02-18 19:28:31.340041,prediction,RandomForestClassifier,success
2026-02-18 19:28:31.340041,prediction,RandomForestClassifier,success
2026-02-18 19:28:31.340041,prediction,RandomForestClassifier,success
2026-02-18 19:28:31.340041,prediction,RandomForestClassifier,success
2026-02-18 19:31:23.322917,prediction,RandomForestClassifier,success
2026-02-18 19:31:23.324931,prediction,RandomForestClassifier,success
2026-02-18 19:31:23.327350,prediction,RandomForestClassifier,success
2026-02-18 19:31:23.327350,prediction,RandomForestClassifier,success
2026-02-18 19:31:23.327350,prediction,RandomForestClassifier,success
2026-02-18 19:31:23.327350,prediction,RandomForestClassifier,success
2026-02-18 19:31:23.327350,prediction,RandomForestClassifier,success
2026-02-18 19:31:23.327350,prediction,RandomForestClassifier,success
2026-02-18 19:31:23.327350,prediction,RandomForestClassifier,success
2026-02-18 19:31:23.327350,prediction,RandomForestClassifier,success
2026-02-18 19:31:23.334391,prediction,RandomForestClassifier,success
2026-02-18 19:31:23.334391,prediction,RandomForestClassifier,success
2026-02-18 19:33:45.766766,prediction,RandomForestClassifier,success
2026-02-18 19:33:45.768714,prediction,RandomForestClassifier,success
2026-02-18 19:33:45.768714,prediction,RandomForestClassifier,success
2026-02-18 19:33:45.768714,prediction,RandomForestClassifier,success
2026-02-18 19:33:45.768714,prediction,RandomForestClassifier,success
2026-02-18 19:33:45.768714,prediction,RandomForestClassifier,success
2026-02-18 19:33:45.768714,prediction,RandomForestClassifier,success
2026-02-18 19:33:45.768714,prediction,RandomForestClassifier,success
2026-02-18 19:33:45.768714,prediction,RandomForestClassifier,success
2026-02-18 19:33:45.775794,prediction,RandomForestClassifier,success
2026-02-18 19:33:45.775794,prediction,RandomForestClassifier,success
2026-02-18 19:33:45.775794,prediction,RandomForestClassifier,success
2026-02-18 19:40:33.931586,prediction,RandomForestClassifier,success
2026-02-18 19:40:33.933603,prediction,RandomForestClassifier,success
2026-02-18 19:40:33.933603,prediction,RandomForestClassifier,success
2026-02-18 19:40:33.933603,prediction,RandomForestClassifier,success
2026-02-18 19:40:33.933603,prediction,RandomForestClassifier,success
2026-02-18 19:40:33.933603,prediction,RandomForestClassifier,success
2026-02-18 19:40:33.937894,prediction,RandomForestClassifier,success
2026-02-18 19:40:33.937894,prediction,RandomForestClassifier,success
2026-02-18 19:40:33.937894,prediction,RandomForestClassifier,success
2026-02-18 19:40:33.939904,prediction,RandomForestClassifier,success
2026-02-18 19:40:33.939904,prediction,RandomForestClassifier,success
2026-02-18 19:40:33.939904,prediction,RandomForestClassifier,success
2026-02-18 19:40:33.941913,prediction,RandomForestClassifier,success
2026-02-18 19:40:33.941913,prediction,RandomForestClassifier,success
2026-02-18 19:40:33.941913,prediction,RandomForestClassifier,success
2026-02-18 19:40:33.943922,prediction,RandomForestClassifier,success
2026-02-18 19:40:33.943922,prediction,RandomForestClassifier,success
2026-02-18 19:40:33.946231,prediction,RandomForestClassifier,success
2026-02-18 19:40:33.948307,prediction,RandomForestClassifier,success
2026-02-18 19:40:33.948307,prediction,RandomForestClassifier,success
2026-02-18 19:40:33.949890,prediction,RandomForestClassifier,success
2026-02-18 19:40:33.949890,prediction,RandomForestClassifier,success
2026-02-18 19:40:33.949890,prediction,RandomForestClassifier,success
2026-02-18 19:40:33.949890,prediction,RandomForestClassifier,success
2026-02-18 19:40:33.949890,prediction,RandomForestClassifier,success
2026-02-18 19:40:33.949890,prediction,RandomForestClassifier,success
2026-02-18 19:40:33.949890,prediction,RandomForestClassifier,success
2026-02-18 19:40:33.949890,prediction,RandomForestClassifier,success
2026-02-18 19:40:33.949890,prediction,RandomForestClassifier,success
2026-02-18 19:40:33.949890,prediction,RandomForestClassifier,success
2026-02-18 19:40:33.949890,prediction,RandomForestClassifier,success
2026-02-18 19:40:33.949890,prediction,RandomForestClassifier,success
2026-02-18 19:40:33.949890,prediction,RandomForestClassifier,success
2026-02-18 19:40:33.960026,prediction,RandomForestClassifier,success
2026-02-18 19:40:33.961690,prediction,RandomForestClassifier,success
2026-02-18 19:40:33.962775,prediction,RandomForestClassifier,success
2026-02-18 19:40:33.962775,prediction,RandomForestClassifier,success
2026-02-18 19:40:33.962775,prediction,RandomForestClassifier,success
2026-02-18 19:40:33.966007,prediction,RandomForestClassifier,success
2026-02-18 19:40:33.966007,prediction,RandomForestClassifier,success
2026-02-18 19:40:33.966007,prediction,RandomForestClassifier,success
2026-02-18 19:40:33.966007,prediction,RandomForestClassifier,success
2026-02-18 19:40:33.966007,prediction,RandomForestClassifier,success
2026-02-18 19:40:33.966007,prediction,RandomForestClassifier,success
2026-02-18 19:40:33.966007,prediction,RandomForestClassifier,success
2026-02-18 19:40:33.966007,prediction,RandomForestClassifier,success
2026-02-18 19:40:33.966007,prediction,RandomForestClassifier,success
2026-02-18 19:40:33.966007,prediction,RandomForestClassifier,success
2026-02-18 19:40:33.966007,prediction,RandomForestClassifier,success
2026-02-18 19:40:33.966007,prediction,RandomForestClassifier,success
2026-02-18 19:40:33.966007,prediction,RandomForestClassifier,success
2026-02-18 19:40:33.966007,prediction,RandomForestClassifier,success
2026-02-18 19:40:33.977824,prediction,RandomForestClassifier,success
2026-02-18 19:40:33.977824,prediction,RandomForestClassifier,success
2026-02-18 19:40:33.979511,prediction,RandomForestClassifier,success
2026-02-18 19:40:33.979511,prediction,RandomForestClassifier,success
2026-02-18 19:40:33.981569,prediction,RandomForestClassifier,success
2026-02-18 19:40:33.981569,prediction,RandomForestClassifier,success
2026-02-18 19:40:33.981569,prediction,RandomForestClassifier,success
2026-02-18 19:40:33.981569,prediction,RandomForestClassifier,success
2026-02-18 19:40:33.981569,prediction,RandomForestClassifier,success
2026-02-18 19:40:33.981569,prediction,RandomForestClassifier,success
2026-02-18 19:40:33.986120,prediction,RandomForestClassifier,success
2026-02-18 19:40:33.986120,prediction,RandomForestClassifier,success
2026-02-18 19:40:33.986120,prediction,RandomForestClassifier,success
2026-02-18 19:40:33.988845,prediction,RandomForestClassifier,success
2026-02-18 19:40:33.988845,prediction,RandomForestClassifier,success
2026-02-18 19:40:33.988845,prediction,RandomForestClassifier,success
2026-02-18 19:40:33.988845,prediction,RandomForestClassifier,success
2026-02-18 19:40:33.988845,prediction,RandomForestClassifier,success
2026-02-18 19:40:33.988845,prediction,RandomForestClassifier,success
2026-02-18 19:40:33.993694,prediction,RandomForestClassifier,success
2026-02-18 19:40:33.994316,prediction,RandomForestClassifier,success
2026-02-18 19:40:33.994316,prediction,RandomForestClassifier,success
2026-02-18 19:40:33.996190,prediction,RandomForestClassifier,success
2026-02-18 19:40:33.996190,prediction,RandomForestClassifier,success
2026-02-18 19:40:33.996190,prediction,RandomForestClassifier,success
2026-02-18 19:40:33.996190,prediction,RandomForestClassifier,success
2026-02-18 19:40:34.000266,prediction,RandomForestClassifier,success
2026-02-18 19:40:34.000266,prediction,RandomForestClassifier,success
2026-02-18 19:40:34.002020,prediction,RandomForestClassifier,success
2026-02-18 19:40:34.002020,prediction,RandomForestClassifier,success
2026-02-18 19:40:34.002020,prediction,RandomForestClassifier,success
2026-02-18 19:40:34.002020,prediction,RandomForestClassifier,success
2026-02-18 19:40:34.002020,prediction,RandomForestClassifier,success
2026-02-18 19:40:34.002020,prediction,RandomForestClassifier,success
2026-02-18 19:40:34.002020,prediction,RandomForestClassifier,success
2026-02-18 19:40:34.002020,prediction,RandomForestClassifier,success
2026-02-18 19:40:34.002020,prediction,RandomForestClassifier,success
2026-02-18 19:40:34.002020,prediction,RandomForestClassifier,success
2026-02-18 19:40:34.010519,prediction,RandomForestClassifier,success
2026-02-18 19:40:34.010519,prediction,RandomForestClassifier,success
2026-02-18 19:40:34.010519,prediction,RandomForestClassifier,success
2026-02-18 19:40:34.012733,prediction,RandomForestClassifier,success
2026-02-18 19:40:34.012733,prediction,RandomForestClassifier,success
2026-02-18 19:40:34.012733,prediction,RandomForestClassifier,success
2026-02-18 19:40:34.012733,prediction,RandomForestClassifier,success
2026-02-18 19:40:34.012733,prediction,RandomForestClassifier,success
2026-02-18 19:40:34.012733,prediction,RandomForestClassifier,success
2026-02-18 19:40:34.012733,prediction,RandomForestClassifier,success
2026-02-18 19:40:34.018967,prediction,RandomForestClassifier,success
2026-02-18 19:40:34.018967,prediction,RandomForestClassifier,success
2026-02-18 19:40:34.018967,prediction,RandomForestClassifier,success
2026-02-18 19:40:34.018967,prediction,RandomForestClassifier,success
2026-02-18 19:40:34.018967,prediction,RandomForestClassifier,success
2026-02-18 19:40:34.018967,prediction,RandomForestClassifier,success
2026-02-18 19:40:34.018967,prediction,RandomForestClassifier,success
2026-02-18 19:40:34.018967,prediction,RandomForestClassifier,success
2026-02-18 19:40:34.018967,prediction,RandomForestClassifier,success
2026-02-18 19:40:34.018967,prediction,RandomForestClassifier,success
2026-02-18 19:40:34.018967,prediction,RandomForestClassifier,success
2026-02-18 19:40:34.027483,prediction,RandomForestClassifier,success
2026-02-18 19:40:34.027483,prediction,RandomForestClassifier,success
2026-02-18 19:40:34.027483,prediction,RandomForestClassifier,success
2026-02-18 19:40:34.027483,prediction,RandomForestClassifier,success
2026-02-18 19:40:34.030474,prediction,RandomForestClassifier,success
2026-02-18 19:40:34.030474,prediction,RandomForestClassifier,success
2026-02-18 19:40:34.030474,prediction,RandomForestClassifier,success
2026-02-18 19:40:34.030474,prediction,RandomForestClassifier,success
2026-02-18 19:40:34.030474,prediction,RandomForestClassifier,success
2026-02-18 19:40:34.035352,prediction,RandomForestClassifier,success
2026-02-18 19:40:34.035352,prediction,RandomForestClassifier,success
2026-02-18 19:40:34.035352,prediction,RandomForestClassifier,success
2026-02-18 19:40:34.035352,prediction,RandomForestClassifier,success
2026-02-18 19:40:34.035352,prediction,RandomForestClassifier,success
2026-02-18 19:40:34.035352,prediction,RandomForestClassifier,success
2026-02-18 19:40:34.035352,prediction,RandomForestClassifier,success
2026-02-18 19:40:34.035352,prediction,RandomForestClassifier,success
2026-02-18 19:40:34.035352,prediction,RandomForestClassifier,success
2026-02-18 19:40:34.035352,prediction,RandomForestClassifier,success
2026-02-18 19:40:34.035352,prediction,RandomForestClassifier,success
2026-02-18 19:40:34.035352,prediction,RandomForestClassifier,success
2026-02-18 19:40:34.035352,prediction,RandomForestClassifier,success
2026-02-18 19:40:34.046106,prediction,RandomForestClassifier,success
2026-02-18 19:40:34.046106,prediction,RandomForestClassifier,success
2026-02-18 19:40:34.046106,prediction,RandomForestClassifier,success
2026-02-18 19:40:34.047807,prediction,RandomForestClassifier,success
2026-02-18 19:40:34.047807,prediction,RandomForestClassifier,success
2026-02-18 19:40:34.047807,prediction,RandomForestClassifier,success
2026-02-18 19:40:34.047807,prediction,RandomForestClassifier,success
2026-02-18 19:40:34.047807,prediction,RandomForestClassifier,success
2026-02-18 19:40:34.047807,prediction,RandomForestClassifier,success
2026-02-18 19:40:34.047807,prediction,RandomForestClassifier,success
2026-02-18 19:40:34.047807,prediction,RandomForestClassifier,success
2026-02-18 19:40:34.047807,prediction,RandomForestClassifier,success
2026-02-18 19:40:34.047807,prediction,RandomForestClassifier,success
2026-02-18 19:40:34.047807,prediction,RandomForestClassifier,success
2026-02-18 19:40:34.047807,prediction,RandomForestClassifier,success
2026-02-18 19:40:34.047807,prediction,RandomForestClassifier,success
2026-02-18 19:40:34.047807,prediction,RandomForestClassifier,success
2026-02-18 19:40:34.047807,prediction,RandomForestClassifier,success
2026-02-18 19:40:34.047807,prediction,RandomForestClassifier,success
2026-02-18 19:40:34.047807,prediction,RandomForestClassifier,success
2026-02-18 19:40:34.062134,prediction,RandomForestClassifier,success
2026-02-18 19:40:34.062134,prediction,RandomForestClassifier,success
2026-02-18 19:40:34.063348,prediction,RandomForestClassifier,success
2026-02-18 19:40:34.064665,prediction,RandomForestClassifier,success
2026-02-18 19:40:34.064665,prediction,RandomForestClassifier,success
2026-02-18 19:40:34.064665,prediction,RandomForestClassifier,success
2026-02-18 19:40:34.064665,prediction,RandomForestClassifier,success
2026-02-18 19:40:34.064665,prediction,RandomForestClassifier,success
2026-02-18 19:40:34.068073,prediction,RandomForestClassifier,success
2026-02-18 19:40:34.068073,prediction,RandomForestClassifier,success
2026-02-18 19:40:34.068073,prediction,RandomForestClassifier,success
2026-02-18 19:40:34.068073,prediction,RandomForestClassifier,success
2026-02-18 19:40:34.068073,prediction,RandomForestClassifier,success
2026-02-18 19:40:34.068073,prediction,RandomForestClassifier,success
2026-02-18 19:40:34.068073,prediction,RandomForestClassifier,success
2026-02-18 19:40:34.068073,prediction,RandomForestClassifier,success
2026-02-18 19:40:34.068073,prediction,RandomForestClassifier,success
2026-02-18 19:40:34.068073,prediction,RandomForestClassifier,success
2026-02-18 19:40:34.068073,prediction,RandomForestClassifier,success
2026-02-18 19:40:34.068073,prediction,RandomForestClassifier,success
2026-02-18 19:40:34.078286,prediction,RandomForestClassifier,success
2026-02-18 19:40:34.078286,prediction,RandomForestClassifier,success
2026-02-18 19:40:34.078286,prediction,RandomForestClassifier,success
2026-02-18 19:40:34.080117,prediction,RandomForestClassifier,success
2026-02-18 19:40:34.080117,prediction,RandomForestClassifier,success
2026-02-18 19:40:34.082217,prediction,RandomForestClassifier,success
2026-02-18 19:40:34.082217,prediction,RandomForestClassifier,success
2026-02-18 19:40:34.082217,prediction,RandomForestClassifier,success
2026-02-18 19:40:34.082217,prediction,RandomForestClassifier,success
2026-02-18 19:40:34.082217,prediction,RandomForestClassifier,success
2026-02-18 19:40:34.082217,prediction,RandomForestClassifier,success
2026-02-18 19:40:34.082217,prediction,RandomForestClassifier,success
2026-02-18 19:40:34.082217,prediction,RandomForestClassifier,success
2026-02-18 19:40:34.089093,prediction,RandomForestClassifier,success
2026-02-18 19:40:34.089093,prediction,RandomForestClassifier,success
2026-02-18 19:40:34.089093,prediction,RandomForestClassifier,success
2026-02-18 19:40:34.089093,prediction,RandomForestClassifier,success
2026-02-18 19:40:34.089093,prediction,RandomForestClassifier,success
2026-02-18 19:40:34.089093,prediction,RandomForestClassifier,success
2026-02-18 19:40:34.094076,prediction,RandomForestClassifier,success
2026-02-18 19:40:34.094076,prediction,RandomForestClassifier,success
2026-02-18 19:40:34.094076,prediction,RandomForestClassifier,success
2026-02-18 19:40:34.096704,prediction,RandomForestClassifier,success
2026-02-18 19:40:34.096704,prediction,RandomForestClassifier,success
2026-02-18 19:40:34.096704,prediction,RandomForestClassifier,success
2026-02-18 19:40:34.096704,prediction,RandomForestClassifier,success
2026-02-18 19:40:34.096704,prediction,RandomForestClassifier,success
2026-02-18 19:40:34.096704,prediction,RandomForestClassifier,success
2026-02-18 19:40:34.096704,prediction,RandomForestClassifier,success
2026-02-18 19:40:34.096704,prediction,RandomForestClassifier,success
2026-02-18 19:40:34.096704,prediction,RandomForestClassifier,success
2026-02-18 19:40:34.096704,prediction,RandomForestClassifier,success
2026-02-18 19:40:34.104625,prediction,RandomForestClassifier,success
2026-02-18 19:40:34.104625,prediction,RandomForestClassifier,success
2026-02-18 19:40:34.104625,prediction,RandomForestClassifier,success
2026-02-18 19:40:34.104625,prediction,RandomForestClassifier,success
2026-02-18 19:40:34.104625,prediction,RandomForestClassifier,success
2026-02-18 19:40:34.104625,prediction,RandomForestClassifier,success
2026-02-18 19:40:34.109853,prediction,RandomForestClassifier,success
2026-02-18 19:40:34.109853,prediction,RandomForestClassifier,success
2026-02-18 19:40:34.109853,prediction,RandomForestClassifier,success
2026-02-18 19:40:34.109853,prediction,RandomForestClassifier,success
2026-02-18 19:40:34.109853,prediction,RandomForestClassifier,success
2026-02-18 19:40:34.109853,prediction,RandomForestClassifier,success
2026-02-18 19:40:34.114228,prediction,RandomForestClassifier,success
2026-02-18 19:40:34.114228,prediction,RandomForestClassifier,success
2026-02-18 19:40:34.114228,prediction,RandomForestClassifier,success
2026-02-18 19:40:34.114228,prediction,RandomForestClassifier,success
2026-02-18 19:40:34.114228,prediction,RandomForestClassifier,success
2026-02-18 19:40:34.114228,prediction,RandomForestClassifier,success
2026-02-18 19:40:34.114228,prediction,RandomForestClassifier,success
2026-02-18 19:40:34.114228,prediction,RandomForestClassifier,success
2026-02-18 19:40:34.114228,prediction,RandomForestClassifier,success
2026-02-18 19:40:34.114228,prediction,RandomForestClassifier,success
2026-02-18 19:40:34.114228,prediction,RandomForestClassifier,success
2026-02-18 19:40:34.114228,prediction,RandomForestClassifier,success
2026-02-18 19:40:34.114228,prediction,RandomForestClassifier,success
2026-02-18 19:40:34.114228,prediction,RandomForestClassifier,success
2026-02-18 19:40:34.125873,prediction,RandomForestClassifier,success
2026-02-18 19:40:34.125873,prediction,RandomForestClassifier,success
2026-02-18 19:40:34.125873,prediction,RandomForestClassifier,success
2026-02-18 19:40:34.125873,prediction,RandomForestClassifier,success
2026-02-18 19:40:34.129523,prediction,RandomForestClassifier,success
2026-02-18 19:40:34.130015,prediction,RandomForestClassifier,success
2026-02-18 19:40:34.130015,prediction,RandomForestClassifier,success
2026-02-18 19:40:34.130015,prediction,RandomForestClassifier,success
2026-02-18 19:40:34.130015,prediction,RandomForestClassifier,success
2026-02-18 19:40:34.130015,prediction,RandomForestClassifier,success
2026-02-18 19:40:34.130015,prediction,RandomForestClassifier,success
2026-02-18 19:40:34.130015,prediction,RandomForestClassifier,success
2026-02-18 19:40:34.130015,prediction,RandomForestClassifier,success
2026-02-18 19:40:34.130015,prediction,RandomForestClassifier,success
2026-02-18 19:40:34.130015,prediction,RandomForestClassifier,success
2026-02-18 19:40:34.130015,prediction,RandomForestClassifier,success
2026-02-18 19:40:34.130015,prediction,RandomForestClassifier,success
2026-02-18 19:40:34.130015,prediction,RandomForestClassifier,success
2026-02-18 19:40:34.130015,prediction,RandomForestClassifier,success
2026-02-18 19:40:34.130015,prediction,RandomForestClassifier,success
2026-02-18 19:40:34.142032,prediction,RandomForestClassifier,success
2026-02-18 19:40:34.142032,prediction,RandomForestClassifier,success
2026-02-18 19:40:34.142032,prediction,RandomForestClassifier,success
2026-02-18 19:40:34.142032,prediction,RandomForestClassifier,success
2026-02-18 19:40:34.142032,prediction,RandomForestClassifier,success
2026-02-18 19:40:34.146406,prediction,RandomForestClassifier,success
2026-02-18 19:40:34.146406,prediction,RandomForestClassifier,success
2026-02-18 19:40:34.146406,prediction,RandomForestClassifier,success
2026-02-18 19:40:34.146406,prediction,RandomForestClassifier,success
2026-02-18 19:40:34.146406,prediction,RandomForestClassifier,success
2026-02-18 19:40:34.150398,prediction,RandomForestClassifier,success
2026-02-18 19:40:34.150398,prediction,RandomForestClassifier,success
2026-02-18 19:40:34.150398,prediction,RandomForestClassifier,success
2026-02-18 19:40:34.150398,prediction,RandomForestClassifier,success
2026-02-18 19:40:34.150398,prediction,RandomForestClassifier,success
2026-02-18 19:40:34.150398,prediction,RandomForestClassifier,success
2026-02-18 19:40:34.150398,prediction,RandomForestClassifier,success
2026-02-18 19:40:34.150398,prediction,RandomForestClassifier,success
2026-02-18 19:40:34.150398,prediction,RandomForestClassifier,success
2026-02-18 19:40:34.150398,prediction,RandomForestClassifier,success
2026-02-18 19:40:34.158836,prediction,RandomForestClassifier,success
2026-02-18 19:40:34.158836,prediction,RandomForestClassifier,success
2026-02-18 19:40:34.158836,prediction,RandomForestClassifier,success
2026-02-18 19:40:34.158836,prediction,RandomForestClassifier,success
2026-02-18 19:40:34.158836,prediction,RandomForestClassifier,success
2026-02-18 19:40:34.162817,prediction,RandomForestClassifier,success
2026-02-18 19:40:34.163310,prediction,RandomForestClassifier,success
2026-02-18 19:40:34.163310,prediction,RandomForestClassifier,success
2026-02-18 19:40:34.165464,prediction,RandomForestClassifier,success
2026-02-18 19:40:34.165464,prediction,RandomForestClassifier,success
2026-02-18 19:40:34.165464,prediction,RandomForestClassifier,success
2026-02-18 19:40:34.165464,prediction,RandomForestClassifier,success
2026-02-18 19:40:34.165464,prediction,RandomForestClassifier,success
2026-02-18 19:40:34.165464,prediction,RandomForestClassifier,success
2026-02-18 19:40:34.165464,prediction,RandomForestClassifier,success
2026-02-18 19:40:34.165464,prediction,RandomForestClassifier,success
2026-02-18 19:40:34.165464,prediction,RandomForestClassifier,success
2026-02-18 19:40:34.165464,prediction,RandomForestClassifier,success
2026-02-18 19:40:34.165464,prediction,RandomForestClassifier,success
2026-02-18 19:40:34.173931,prediction,RandomForestClassifier,success
2026-02-18 19:40:34.173931,prediction,RandomForestClassifier,success
2026-02-18 19:40:34.173931,prediction,RandomForestClassifier,success
2026-02-18 19:40:34.173931,prediction,RandomForestClassifier,success
2026-02-18 19:40:34.173931,prediction,RandomForestClassifier,success
2026-02-18 19:40:34.173931,prediction,RandomForestClassifier,success
2026-02-18 19:40:34.179524,prediction,RandomForestClassifier,success
2026-02-18 19:40:34.180173,prediction,RandomForestClassifier,success
2026-02-18 19:40:34.180173,prediction,RandomForestClassifier,success
2026-02-18 19:40:34.180173,prediction,RandomForestClassifier,success
2026-02-18 19:40:34.180173,prediction,RandomForestClassifier,success
2026-02-18 19:40:34.180173,prediction,RandomForestClassifier,success
2026-02-18 19:40:34.180173,prediction,RandomForestClassifier,success
2026-02-18 19:40:34.180173,prediction,RandomForestClassifier,success
2026-02-18 19:40:34.180173,prediction,RandomForestClassifier,success
2026-02-18 19:40:34.180173,prediction,RandomForestClassifier,success
2026-02-18 19:40:34.180173,prediction,RandomForestClassifier,success
2026-02-18 19:40:34.180173,prediction,RandomForestClassifier,success
2026-02-18 19:40:34.189110,prediction,RandomForestClassifier,success
2026-02-18 19:40:34.189110,prediction,RandomForestClassifier,success
2026-02-18 19:40:34.189110,prediction,RandomForestClassifier,success
2026-02-18 19:40:34.189110,prediction,RandomForestClassifier,success
2026-02-18 19:40:34.189110,prediction,RandomForestClassifier,success
2026-02-18 19:40:34.189110,prediction,RandomForestClassifier,success
2026-02-18 19:40:34.189110,prediction,RandomForestClassifier,success
2026-02-18 19:40:34.189110,prediction,RandomForestClassifier,success
2026-02-18 19:40:34.189110,prediction,RandomForestClassifier,success
2026-02-18 19:40:34.196240,prediction,RandomForestClassifier,success
2026-02-18 19:40:34.196944,prediction,RandomForestClassifier,success
2026-02-18 19:40:34.196944,prediction,RandomForestClassifier,success
2026-02-18 19:40:34.196944,prediction,RandomForestClassifier,success
2026-02-18 19:40:34.196944,prediction,RandomForestClassifier,success
2026-02-18 19:40:34.196944,prediction,RandomForestClassifier,success
2026-02-18 19:40:34.196944,prediction,RandomForestClassifier,success
2026-02-18 19:40:34.196944,prediction,RandomForestClassifier,success
2026-02-18 19:40:34.196944,prediction,RandomForestClassifier,success
2026-02-18 19:40:34.196944,prediction,RandomForestClassifier,success
2026-02-18 19:40:34.196944,prediction,RandomForestClassifier,success
2026-02-18 19:40:34.205254,prediction,RandomForestClassifier,success
2026-02-18 19:40:34.205254,prediction,RandomForestClassifier,success
2026-02-18 19:40:34.205254,prediction,RandomForestClassifier,success
2026-02-18 19:40:34.205254,prediction,RandomForestClassifier,success
2026-02-18 19:40:34.205254,prediction,RandomForestClassifier,success
2026-02-18 19:40:34.205254,prediction,RandomForestClassifier,success
2026-02-18 19:40:34.205254,prediction,RandomForestClassifier,success
2026-02-18 19:40:34.205254,prediction,RandomForestClassifier,success
2026-02-18 19:40:34.205254,prediction,RandomForestClassifier,success
2026-02-18 19:40:34.212870,prediction,RandomForestClassifier,success
2026-02-18 19:40:34.213351,prediction,RandomForestClassifier,success
2026-02-18 19:40:34.213351,prediction,RandomForestClassifier,success
2026-02-18 19:40:34.215359,prediction,RandomForestClassifier,success
2026-02-18 19:40:34.215359,prediction,RandomForestClassifier,success
2026-02-18 19:40:34.217368,prediction,RandomForestClassifier,success
2026-02-18 19:40:34.217368,prediction,RandomForestClassifier,success
2026-02-18 19:40:34.218875,prediction,RandomForestClassifier,success
2026-02-18 19:40:34.218875,prediction,RandomForestClassifier,success
2026-02-18 19:40:34.220703,prediction,RandomForestClassifier,success
2026-02-18 19:40:34.220703,prediction,RandomForestClassifier,success
2026-02-18 19:40:34.220703,prediction,RandomForestClassifier,success
2026-02-18 19:40:34.220703,prediction,RandomForestClassifier,success
2026-02-18 19:40:34.220703,prediction,RandomForestClassifier,success
2026-02-18 19:40:34.220703,prediction,RandomForestClassifier,success
2026-02-18 19:40:34.220703,prediction,RandomForestClassifier,success
2026-02-18 19:40:34.220703,prediction,RandomForestClassifier,success
2026-02-18 19:40:34.220703,prediction,RandomForestClassifier,success
2026-02-18 19:40:34.220703,prediction,RandomForestClassifier,success
2026-02-18 19:40:34.220703,prediction,RandomForestClassifier,success
2026-02-18 19:40:34.229683,prediction,RandomForestClassifier,success
2026-02-18 19:40:34.230367,prediction,RandomForestClassifier,success
2026-02-18 19:40:34.231393,prediction,RandomForestClassifier,success
2026-02-18 19:40:34.232159,prediction,RandomForestClassifier,success
2026-02-18 19:40:34.232700,prediction,RandomForestClassifier,success
2026-02-18 19:40:34.232700,prediction,RandomForestClassifier,success
2026-02-18 19:40:34.234240,prediction,RandomForestClassifier,success
2026-02-18 19:40:34.234240,prediction,RandomForestClassifier,success
2026-02-18 19:40:34.235797,prediction,RandomForestClassifier,success
2026-02-18 19:40:34.235797,prediction,RandomForestClassifier,success
2026-02-18 19:40:34.237833,prediction,RandomForestClassifier,success
2026-02-18 19:40:34.237833,prediction,RandomForestClassifier,success
2026-02-18 19:40:34.237833,prediction,RandomForestClassifier,success
2026-02-18 19:40:34.237833,prediction,RandomForestClassifier,success
2026-02-18 19:40:34.237833,prediction,RandomForestClassifier,success
2026-02-18 19:40:34.237833,prediction,RandomForestClassifier,success
2026-02-18 19:40:34.237833,prediction,RandomForestClassifier,success
2026-02-18 19:40:34.237833,prediction,RandomForestClassifier,success
2026-02-18 19:40:34.244488,prediction,RandomForestClassifier,success
2026-02-18 19:40:34.245141,prediction,RandomForestClassifier,success
2026-02-18 19:40:34.246194,prediction,RandomForestClassifier,success
2026-02-18 19:40:34.246775,prediction,RandomForestClassifier,success
2026-02-18 19:40:34.246775,prediction,RandomForestClassifier,success
2026-02-18 19:40:34.246775,prediction,RandomForestClassifier,success
2026-02-18 19:40:34.246775,prediction,RandomForestClassifier,success
2026-02-18 19:40:34.246775,prediction,RandomForestClassifier,success
2026-02-18 19:40:34.246775,prediction,RandomForestClassifier,success
2026-02-18 19:40:34.246775,prediction,RandomForestClassifier,success
2026-02-18 19:40:34.246775,prediction,RandomForestClassifier,success
2026-02-18 19:40:34.246775,prediction,RandomForestClassifier,success
2026-02-18 19:40:34.246775,prediction,RandomForestClassifier,success
2026-02-18 19:45:51.622251,prediction,RandomForestClassifier,success
2026-02-18 19:45:51.625523,prediction,RandomForestClassifier,success
2026-02-18 19:45:51.625523,prediction,RandomForestClassifier,success
2026-02-18 19:45:51.625523,prediction,RandomForestClassifier,success
2026-02-18 19:45:51.627848,prediction,RandomForestClassifier,success
2026-02-18 19:45:51.627848,prediction,RandomForestClassifier,success
2026-02-18 19:45:51.627848,prediction,RandomForestClassifier,success
2026-02-18 19:45:51.630083,prediction,RandomForestClassifier,success
2026-02-18 19:45:51.631163,prediction,RandomForestClassifier,success
2026-02-18 19:45:51.631163,prediction,RandomForestClassifier,success
2026-02-18 19:45:51.631163,prediction,RandomForestClassifier,success
2026-02-18 19:45:51.633780,prediction,RandomForestClassifier,success
2026-02-18 19:45:51.634792,prediction,RandomForestClassifier,success
2026-02-18 19:45:51.634792,prediction,RandomForestClassifier,success
2026-02-18 19:45:51.634792,prediction,RandomForestClassifier,success
2026-02-18 19:45:51.634792,prediction,RandomForestClassifier,success
2026-02-18 19:45:51.634792,prediction,RandomForestClassifier,success
2026-02-18 19:45:51.638953,prediction,RandomForestClassifier,success
2026-02-18 19:45:51.640964,prediction,RandomForestClassifier,success
2026-02-18 19:45:51.642277,prediction,RandomForestClassifier,success
2026-02-18 19:45:51.642277,prediction,RandomForestClassifier,success
2026-02-18 19:45:51.642277,prediction,RandomForestClassifier,success
2026-02-18 19:45:51.642277,prediction,RandomForestClassifier,success
2026-02-18 19:45:51.642277,prediction,RandomForestClassifier,success
2026-02-18 19:45:51.642277,prediction,RandomForestClassifier,success
2026-02-18 19:45:51.642277,prediction,RandomForestClassifier,success
2026-02-18 19:45:51.642277,prediction,RandomForestClassifier,success
2026-02-18 19:45:51.642277,prediction,RandomForestClassifier,success
2026-02-18 19:45:51.642277,prediction,RandomForestClassifier,success
2026-02-18 19:45:51.642277,prediction,RandomForestClassifier,success
2026-02-18 19:45:51.642277,prediction,RandomForestClassifier,success
2026-02-18 19:45:51.642277,prediction,RandomForestClassifier,success
2026-02-18 19:45:51.642277,prediction,RandomForestClassifier,success
2026-02-18 19:45:51.642277,prediction,RandomForestClassifier,success
2026-02-18 19:45:51.642277,prediction,RandomForestClassifier,success
2026-02-18 19:45:51.642277,prediction,RandomForestClassifier,success
2026-02-18 19:45:51.655566,prediction,RandomForestClassifier,success
2026-02-18 19:45:51.655566,prediction,RandomForestClassifier,success
2026-02-18 19:45:51.657578,prediction,RandomForestClassifier,success
2026-02-18 19:45:51.658639,prediction,RandomForestClassifier,success
2026-02-18 19:45:51.658639,prediction,RandomForestClassifier,success
2026-02-18 19:45:51.658639,prediction,RandomForestClassifier,success
2026-02-18 19:45:51.658639,prediction,RandomForestClassifier,success
2026-02-18 19:45:51.658639,prediction,RandomForestClassifier,success
2026-02-18 19:45:51.658639,prediction,RandomForestClassifier,success
2026-02-18 19:45:51.658639,prediction,RandomForestClassifier,success
2026-02-18 19:45:51.658639,prediction,RandomForestClassifier,success
2026-02-18 19:45:51.658639,prediction,RandomForestClassifier,success
2026-02-18 19:45:51.658639,prediction,RandomForestClassifier,success
2026-02-18 19:45:51.658639,prediction,RandomForestClassifier,success
2026-02-18 19:45:51.658639,prediction,RandomForestClassifier,success
2026-02-18 19:45:51.658639,prediction,RandomForestClassifier,success
2026-02-18 19:45:51.658639,prediction,RandomForestClassifier,success
2026-02-18 19:45:51.658639,prediction,RandomForestClassifier,success
2026-02-18 19:45:51.658639,prediction,RandomForestClassifier,success
2026-02-18 19:45:51.670992,prediction,RandomForestClassifier,success
2026-02-18 19:45:51.670992,prediction,RandomForestClassifier,success
2026-02-18 19:45:51.672219,prediction,RandomForestClassifier,success
2026-02-18 19:45:51.674000,prediction,RandomForestClassifier,success
2026-02-18 19:45:51.674000,prediction,RandomForestClassifier,success
2026-02-18 19:45:51.674000,prediction,RandomForestClassifier,success
2026-02-18 19:45:51.674000,prediction,RandomForestClassifier,success
2026-02-18 19:45:51.674000,prediction,RandomForestClassifier,success
2026-02-18 19:45:51.674000,prediction,RandomForestClassifier,success
2026-02-18 19:45:51.674000,prediction,RandomForestClassifier,success
2026-02-18 19:45:51.674000,prediction,RandomForestClassifier,success
2026-02-18 19:45:51.680341,prediction,RandomForestClassifier,success
2026-02-18 19:45:51.680341,prediction,RandomForestClassifier,success
2026-02-18 19:45:51.682351,prediction,RandomForestClassifier,success
2026-02-18 19:45:51.682351,prediction,RandomForestClassifier,success
2026-02-18 19:45:51.682351,prediction,RandomForestClassifier,success
2026-02-18 19:45:51.682351,prediction,RandomForestClassifier,success
2026-02-18 19:45:51.685240,prediction,RandomForestClassifier,success
2026-02-18 19:45:51.685240,prediction,RandomForestClassifier,success
2026-02-18 19:45:51.686979,prediction,RandomForestClassifier,success
2026-02-18 19:45:51.686979,prediction,RandomForestClassifier,success
2026-02-18 19:45:51.688873,prediction,RandomForestClassifier,success
2026-02-18 19:45:51.688873,prediction,RandomForestClassifier,success
2026-02-18 19:45:51.688873,prediction,RandomForestClassifier,success
2026-02-18 19:45:51.688873,prediction,RandomForestClassifier,success
2026-02-18 19:45:51.692480,prediction,RandomForestClassifier,success
2026-02-18 19:45:51.692480,prediction,RandomForestClassifier,success
2026-02-18 19:45:51.694526,prediction,RandomForestClassifier,success
2026-02-18 19:45:51.694526,prediction,RandomForestClassifier,success
2026-02-18 19:45:51.694526,prediction,RandomForestClassifier,success
2026-02-18 19:45:51.696546,prediction,RandomForestClassifier,success
2026-02-18 19:45:51.697580,prediction,RandomForestClassifier,success
2026-02-18 19:45:51.697580,prediction,RandomForestClassifier,success
2026-02-18 19:45:51.697580,prediction,RandomForestClassifier,success
2026-02-18 19:45:51.697580,prediction,RandomForestClassifier,success
2026-02-18 19:45:51.697580,prediction,RandomForestClassifier,success
2026-02-18 19:45:51.697580,prediction,RandomForestClassifier,success
2026-02-18 19:45:51.697580,prediction,RandomForestClassifier,success
2026-02-18 19:45:51.702674,prediction,RandomForestClassifier,success
2026-02-18 19:45:51.702674,prediction,RandomForestClassifier,success
2026-02-18 19:45:51.702674,prediction,RandomForestClassifier,success
2026-02-18 19:45:51.705873,prediction,RandomForestClassifier,success
2026-02-18 19:45:51.705873,prediction,RandomForestClassifier,success
2026-02-18 19:45:51.705873,prediction,RandomForestClassifier,success
2026-02-18 19:45:51.708309,prediction,RandomForestClassifier,success
2026-02-18 19:45:51.709330,prediction,RandomForestClassifier,success
2026-02-18 19:45:51.710820,prediction,RandomForestClassifier,success
2026-02-18 19:45:51.710820,prediction,RandomForestClassifier,success
2026-02-18 19:45:51.710820,prediction,RandomForestClassifier,success
2026-02-18 19:45:51.710820,prediction,RandomForestClassifier,success
2026-02-18 19:45:51.710820,prediction,RandomForestClassifier,success
2026-02-18 19:45:51.710820,prediction,RandomForestClassifier,success
2026-02-18 19:45:51.710820,prediction,RandomForestClassifier,success
2026-02-18 19:45:51.710820,prediction,RandomForestClassifier,success
2026-02-18 19:45:51.710820,prediction,RandomForestClassifier,success
2026-02-18 19:45:51.710820,prediction,RandomForestClassifier,success
2026-02-18 19:45:51.710820,prediction,RandomForestClassifier,success
2026-02-18 19:45:51.719006,prediction,RandomForestClassifier,success
2026-02-18 19:45:51.719006,prediction,RandomForestClassifier,success
2026-02-18 19:45:51.719006,prediction,RandomForestClassifier,success
2026-02-18 19:45:51.721371,prediction,RandomForestClassifier,success
2026-02-18 19:45:51.721371,prediction,RandomForestClassifier,success
2026-02-18 19:45:51.721371,prediction,RandomForestClassifier,success
2026-02-18 19:45:51.721371,prediction,RandomForestClassifier,success
2026-02-18 19:45:51.721371,prediction,RandomForestClassifier,success
2026-02-18 19:45:51.721371,prediction,RandomForestClassifier,success
2026-02-18 19:45:51.721371,prediction,RandomForestClassifier,success
2026-02-18 19:45:51.727225,prediction,RandomForestClassifier,success
2026-02-18 19:45:51.727225,prediction,RandomForestClassifier,success
2026-02-18 19:45:51.727225,prediction,RandomForestClassifier,success
2026-02-18 19:45:51.729165,prediction,RandomForestClassifier,success
2026-02-18 19:45:51.729165,prediction,RandomForestClassifier,success
2026-02-18 19:45:51.729165,prediction,RandomForestClassifier,success
2026-02-18 19:45:51.729165,prediction,RandomForestClassifier,success
2026-02-18 19:45:51.729165,prediction,RandomForestClassifier,success
2026-02-18 19:45:51.729165,prediction,RandomForestClassifier,success
2026-02-18 19:45:51.733940,prediction,RandomForestClassifier,success
2026-02-18 19:45:51.733940,prediction,RandomForestClassifier,success
2026-02-18 19:45:51.733940,prediction,RandomForestClassifier,success
2026-02-18 19:45:51.733940,prediction,RandomForestClassifier,success
2026-02-18 19:45:51.733940,prediction,RandomForestClassifier,success
2026-02-18 19:45:51.733940,prediction,RandomForestClassifier,success
2026-02-18 19:45:51.738956,prediction,RandomForestClassifier,success
2026-02-18 19:45:51.740444,prediction,RandomForestClassifier,success
2026-02-18 19:45:51.740444,prediction,RandomForestClassifier,success
2026-02-18 19:45:51.742058,prediction,RandomForestClassifier,success
2026-02-18 19:45:51.742058,prediction,RandomForestClassifier,success
2026-02-18 19:45:51.742058,prediction,RandomForestClassifier,success
2026-02-18 19:45:51.742058,prediction,RandomForestClassifier,success
2026-02-18 19:45:51.742058,prediction,RandomForestClassifier,success
2026-02-18 19:45:51.742058,prediction,RandomForestClassifier,success
2026-02-18 19:45:51.742058,prediction,RandomForestClassifier,success
2026-02-18 19:45:51.742058,prediction,RandomForestClassifier,success
2026-02-18 19:45:51.742058,prediction,RandomForestClassifier,success
2026-02-18 19:45:51.742058,prediction,RandomForestClassifier,success
2026-02-18 19:45:51.742058,prediction,RandomForestClassifier,success
2026-02-18 19:45:51.742058,prediction,RandomForestClassifier,success
2026-02-18 19:45:51.742058,prediction,RandomForestClassifier,success
2026-02-18 19:45:51.742058,prediction,RandomForestClassifier,success
2026-02-18 19:45:51.742058,prediction,RandomForestClassifier,success
2026-02-18 19:45:51.742058,prediction,RandomForestClassifier,success
2026-02-18 19:45:51.754956,prediction,RandomForestClassifier,success
2026-02-18 19:45:51.756104,prediction,RandomForestClassifier,success
2026-02-18 19:45:51.757321,prediction,RandomForestClassifier,success
2026-02-18 19:45:51.757321,prediction,RandomForestClassifier,success
2026-02-18 19:45:51.757321,prediction,RandomForestClassifier,success
2026-02-18 19:45:51.759838,prediction,RandomForestClassifier,success
2026-02-18 19:45:51.760294,prediction,RandomForestClassifier,success
2026-02-18 19:45:51.760294,prediction,RandomForestClassifier,success
2026-02-18 19:45:51.760294,prediction,RandomForestClassifier,success
2026-02-18 19:45:51.760294,prediction,RandomForestClassifier,success
2026-02-18 19:45:51.760294,prediction,RandomForestClassifier,success
2026-02-18 19:45:51.760294,prediction,RandomForestClassifier,success
2026-02-18 19:45:51.760294,prediction,RandomForestClassifier,success
2026-02-18 19:45:51.760294,prediction,RandomForestClassifier,success
2026-02-18 19:45:51.760294,prediction,RandomForestClassifier,success
2026-02-18 19:45:51.760294,prediction,RandomForestClassifier,success
2026-02-18 19:45:51.760294,prediction,RandomForestClassifier,success
2026-02-18 19:45:51.760294,prediction,RandomForestClassifier,success
2026-02-18 19:45:51.760294,prediction,RandomForestClassifier,success
2026-02-18 19:45:51.771039,prediction,RandomForestClassifier,success
2026-02-18 19:45:51.771039,prediction,RandomForestClassifier,success
2026-02-18 19:45:51.772457,prediction,RandomForestClassifier,success
2026-02-18 19:45:51.773814,prediction,RandomForestClassifier,success
2026-02-18 19:45:51.773814,prediction,RandomForestClassifier,success
2026-02-18 19:45:51.773814,prediction,RandomForestClassifier,success
2026-02-18 19:45:51.773814,prediction,RandomForestClassifier,success
2026-02-18 19:45:51.773814,prediction,RandomForestClassifier,success
2026-02-18 19:45:51.773814,prediction,RandomForestClassifier,success
2026-02-18 19:45:51.773814,prediction,RandomForestClassifier,success
2026-02-18 19:45:51.773814,prediction,RandomForestClassifier,success
2026-02-18 19:45:51.773814,prediction,RandomForestClassifier,success
2026-02-18 19:45:51.773814,prediction,RandomForestClassifier,success
2026-02-18 19:45:51.781182,prediction,RandomForestClassifier,success
2026-02-18 19:45:51.781182,prediction,RandomForestClassifier,success
2026-02-18 19:45:51.781182,prediction,RandomForestClassifier,success
2026-02-18 19:45:51.781182,prediction,RandomForestClassifier,success
2026-02-18 19:45:51.781182,prediction,RandomForestClassifier,success
2026-02-18 19:45:51.781182,prediction,RandomForestClassifier,success
2026-02-18 19:45:51.781182,prediction,RandomForestClassifier,success
2026-02-18 19:45:51.787045,prediction,RandomForestClassifier,success
2026-02-18 19:45:51.787045,prediction,RandomForestClassifier,success
2026-02-18 19:45:51.787045,prediction,RandomForestClassifier,success
2026-02-18 19:45:51.788923,prediction,RandomForestClassifier,success
2026-02-18 19:45:51.788923,prediction,RandomForestClassifier,success
2026-02-18 19:45:51.791422,prediction,RandomForestClassifier,success
2026-02-18 19:45:51.791422,prediction,RandomForestClassifier,success
2026-02-18 19:45:51.791422,prediction,RandomForestClassifier,success
2026-02-18 19:45:51.791422,prediction,RandomForestClassifier,success
2026-02-18 19:45:51.791422,prediction,RandomForestClassifier,success
2026-02-18 19:45:51.791422,prediction,RandomForestClassifier,success
2026-02-18 19:45:51.791422,prediction,RandomForestClassifier,success
2026-02-18 19:45:51.791422,prediction,RandomForestClassifier,success
2026-02-18 19:45:51.791422,prediction,RandomForestClassifier,success
2026-02-18 19:45:51.791422,prediction,RandomForestClassifier,success
2026-02-18 19:45:51.791422,prediction,RandomForestClassifier,success
2026-02-18 19:45:51.791422,prediction,RandomForestClassifier,success
2026-02-18 19:45:51.791422,prediction,RandomForestClassifier,success
2026-02-18 19:45:51.791422,prediction,RandomForestClassifier,success
2026-02-18 19:45:51.791422,prediction,RandomForestClassifier,success
2026-02-18 19:45:51.791422,prediction,RandomForestClassifier,success
2026-02-18 19:45:51.791422,prediction,RandomForestClassifier,success
2026-02-18 19:45:51.803127,prediction,RandomForestClassifier,success
2026-02-18 19:45:51.803127,prediction,RandomForestClassifier,success
2026-02-18 19:45:51.805634,prediction,RandomForestClassifier,success
2026-02-18 19:45:51.805634,prediction,RandomForestClassifier,success
2026-02-18 19:45:51.805634,prediction,RandomForestClassifier,success
2026-02-18 19:45:51.805634,prediction,RandomForestClassifier,success
2026-02-18 19:45:51.805634,prediction,RandomForestClassifier,success
2026-02-18 19:45:51.805634,prediction,RandomForestClassifier,success
2026-02-18 19:45:51.805634,prediction,RandomForestClassifier,success
2026-02-18 19:45:51.805634,prediction,RandomForestClassifier,success
2026-02-18 19:45:51.805634,prediction,RandomForestClassifier,success
2026-02-18 19:45:51.805634,prediction,RandomForestClassifier,success
2026-02-18 19:45:51.813391,prediction,RandomForestClassifier,success
2026-02-18 19:45:51.813391,prediction,RandomForestClassifier,success
2026-02-18 19:45:51.813391,prediction,RandomForestClassifier,success
2026-02-18 19:45:51.813391,prediction,RandomForestClassifier,success
2026-02-18 19:45:51.813391,prediction,RandomForestClassifier,success
2026-02-18 19:45:51.813391,prediction,RandomForestClassifier,success
2026-02-18 19:45:51.813391,prediction,RandomForestClassifier,success
2026-02-18 19:45:51.813391,prediction,RandomForestClassifier,success
2026-02-18 19:45:51.818998,prediction,RandomForestClassifier,success
2026-02-18 19:45:51.820008,prediction,RandomForestClassifier,success
2026-02-18 19:45:51.820008,prediction,RandomForestClassifier,success
2026-02-18 19:45:51.822022,prediction,RandomForestClassifier,success
2026-02-18 19:45:51.822374,prediction,RandomForestClassifier,success
2026-02-18 19:45:51.822374,prediction,RandomForestClassifier,success
2026-02-18 19:45:51.824740,prediction,RandomForestClassifier,success
2026-02-18 19:45:51.824740,prediction,RandomForestClassifier,success
2026-02-18 19:45:51.824740,prediction,RandomForestClassifier,success
2026-02-18 19:45:51.824740,prediction,RandomForestClassifier,success
2026-02-18 19:45:51.824740,prediction,RandomForestClassifier,success
2026-02-18 19:45:51.824740,prediction,RandomForestClassifier,success
2026-02-18 19:45:51.824740,prediction,RandomForestClassifier,success
2026-02-18 19:45:51.830284,prediction,RandomForestClassifier,success
2026-02-18 19:45:51.830284,prediction,RandomForestClassifier,success
2026-02-18 19:45:51.830284,prediction,RandomForestClassifier,success
2026-02-18 19:45:51.830284,prediction,RandomForestClassifier,success
2026-02-18 19:45:51.833968,prediction,RandomForestClassifier,success
2026-02-18 19:45:51.833968,prediction,RandomForestClassifier,success
2026-02-18 19:45:51.835064,prediction,RandomForestClassifier,success
2026-02-18 19:45:51.835064,prediction,RandomForestClassifier,success
2026-02-18 19:45:51.835064,prediction,RandomForestClassifier,success
2026-02-18 19:45:51.835064,prediction,RandomForestClassifier,success
2026-02-18 19:45:51.838721,prediction,RandomForestClassifier,success
2026-02-18 19:45:51.838721,prediction,RandomForestClassifier,success
2026-02-18 19:45:51.838721,prediction,RandomForestClassifier,success
2026-02-18 19:45:51.838721,prediction,RandomForestClassifier,success
2026-02-18 19:45:51.838721,prediction,RandomForestClassifier,success
2026-02-18 19:45:51.838721,prediction,RandomForestClassifier,success
2026-02-18 19:45:51.838721,prediction,RandomForestClassifier,success
2026-02-18 19:45:51.838721,prediction,RandomForestClassifier,success
2026-02-18 19:45:51.845827,prediction,RandomForestClassifier,success
2026-02-18 19:45:51.845827,prediction,RandomForestClassifier,success
2026-02-18 19:45:51.845827,prediction,RandomForestClassifier,success
2026-02-18 19:45:51.845827,prediction,RandomForestClassifier,success
2026-02-18 19:45:51.845827,prediction,RandomForestClassifier,success
2026-02-18 19:45:51.845827,prediction,RandomForestClassifier,success
2026-02-18 19:45:51.845827,prediction,RandomForestClassifier,success
2026-02-18 19:45:51.851035,prediction,RandomForestClassifier,success
2026-02-18 19:45:51.851035,prediction,RandomForestClassifier,success
2026-02-18 19:45:51.851035,prediction,RandomForestClassifier,success
2026-02-18 19:45:51.851035,prediction,RandomForestClassifier,success
2026-02-18 19:45:51.851035,prediction,RandomForestClassifier,success
2026-02-18 19:45:51.855554,prediction,RandomForestClassifier,success
2026-02-18 19:45:51.855554,prediction,RandomForestClassifier,success
2026-02-18 19:45:51.857114,prediction,RandomForestClassifier,success
2026-02-18 19:45:51.857114,prediction,RandomForestClassifier,success
2026-02-18 19:45:51.859153,prediction,RandomForestClassifier,success
2026-02-18 19:45:51.859665,prediction,RandomForestClassifier,success
2026-02-18 19:45:51.859665,prediction,RandomForestClassifier,success
2026-02-18 19:45:51.859665,prediction,RandomForestClassifier,success
2026-02-18 19:45:51.861677,prediction,RandomForestClassifier,success
2026-02-18 19:45:51.861677,prediction,RandomForestClassifier,success
2026-02-18 19:45:51.863734,prediction,RandomForestClassifier,success
2026-02-18 19:45:51.863734,prediction,RandomForestClassifier,success
2026-02-18 19:45:51.863734,prediction,RandomForestClassifier,success
2026-02-18 19:45:51.866269,prediction,RandomForestClassifier,success
2026-02-18 19:45:51.866269,prediction,RandomForestClassifier,success
2026-02-18 19:45:51.866269,prediction,RandomForestClassifier,success
2026-02-18 19:45:51.866269,prediction,RandomForestClassifier,success
2026-02-18 19:45:51.866269,prediction,RandomForestClassifier,success
2026-02-18 19:45:51.866269,prediction,RandomForestClassifier,success
2026-02-18 19:45:51.866269,prediction,RandomForestClassifier,success
2026-02-18 19:45:51.866269,prediction,RandomForestClassifier,success
2026-02-18 19:45:51.866269,prediction,RandomForestClassifier,success
2026-02-18 19:45:51.866269,prediction,RandomForestClassifier,success
2026-02-18 19:45:51.873838,prediction,RandomForestClassifier,success
2026-02-18 19:45:51.873838,prediction,RandomForestClassifier,success
2026-02-18 19:45:51.873838,prediction,RandomForestClassifier,success
2026-02-18 19:45:51.873838,prediction,RandomForestClassifier,success
2026-02-18 19:45:51.873838,prediction,RandomForestClassifier,success
2026-02-18 19:45:51.873838,prediction,RandomForestClassifier,success
2026-02-18 19:45:51.873838,prediction,RandomForestClassifier,success
2026-02-18 19:45:51.873838,prediction,RandomForestClassifier,success
2026-02-18 19:45:51.873838,prediction,RandomForestClassifier,success
2026-02-18 19:45:51.873838,prediction,RandomForestClassifier,success
2026-02-18 19:45:51.882405,prediction,RandomForestClassifier,success
2026-02-18 19:45:51.882405,prediction,RandomForestClassifier,success
2026-02-18 19:45:51.882405,prediction,RandomForestClassifier,success
2026-02-18 19:45:51.882405,prediction,RandomForestClassifier,success
2026-02-18 19:45:51.882405,prediction,RandomForestClassifier,success
2026-02-18 19:45:51.882405,prediction,RandomForestClassifier,success
2026-02-18 19:45:51.882405,prediction,RandomForestClassifier,success
2026-02-18 19:45:51.882405,prediction,RandomForestClassifier,success
2026-02-18 19:45:51.882405,prediction,RandomForestClassifier,success
2026-02-18 19:45:51.888981,prediction,RandomForestClassifier,success
2026-02-18 19:45:51.888981,prediction,RandomForestClassifier,success
2026-02-18 19:45:51.888981,prediction,RandomForestClassifier,success
2026-02-18 19:45:51.888981,prediction,RandomForestClassifier,success
2026-02-18 19:45:51.888981,prediction,RandomForestClassifier,success
2026-02-18 19:45:51.888981,prediction,RandomForestClassifier,success
2026-02-18 19:45:51.888981,prediction,RandomForestClassifier,success
2026-02-18 19:45:51.888981,prediction,RandomForestClassifier,success
2026-02-18 19:45:51.888981,prediction,RandomForestClassifier,success
2026-02-18 19:45:51.888981,prediction,RandomForestClassifier,success
2026-02-18 19:45:51.888981,prediction,RandomForestClassifier,success
2026-02-18 19:45:51.888981,prediction,RandomForestClassifier,success
2026-02-18 19:45:51.898449,prediction,RandomForestClassifier,success
2026-02-18 19:45:51.898449,prediction,RandomForestClassifier,success
2026-02-18 19:45:51.898449,prediction,RandomForestClassifier,success
2026-02-18 19:45:51.898449,prediction,RandomForestClassifier,success
2026-02-18 19:45:51.898449,prediction,RandomForestClassifier,success
2026-02-18 19:45:51.898449,prediction,RandomForestClassifier,success
2026-02-18 19:45:51.898449,prediction,RandomForestClassifier,success
2026-02-18 19:45:51.898449,prediction,RandomForestClassifier,success
2026-02-18 19:45:51.898449,prediction,RandomForestClassifier,success
2026-02-18 19:45:51.898449,prediction,RandomForestClassifier,success
2026-02-18 19:45:51.905850,prediction,RandomForestClassifier,success
2026-02-18 19:45:51.905850,prediction,RandomForestClassifier,success
2026-02-18 19:45:51.905850,prediction,RandomForestClassifier,success
2026-02-18 19:45:51.905850,prediction,RandomForestClassifier,success
2026-02-18 19:45:51.905850,prediction,RandomForestClassifier,success
2026-02-18 19:45:51.905850,prediction,RandomForestClassifier,success
2026-02-18 19:45:51.905850,prediction,RandomForestClassifier,success
2026-02-18 19:45:51.905850,prediction,RandomForestClassifier,success
2026-02-18 19:45:51.905850,prediction,RandomForestClassifier,success
2026-02-18 19:45:51.905850,prediction,RandomForestClassifier,success
2026-02-18 19:45:51.914463,prediction,RandomForestClassifier,success
2026-02-18 19:45:51.914463,prediction,RandomForestClassifier,success
2026-02-18 19:45:51.914463,prediction,RandomForestClassifier,success
2026-02-18 19:45:51.914463,prediction,RandomForestClassifier,success
2026-02-18 19:45:51.914463,prediction,RandomForestClassifier,success
2026-02-18 19:45:51.914463,prediction,RandomForestClassifier,success
2026-02-18 19:45:51.914463,prediction,RandomForestClassifier,success
2026-02-18 19:45:51.914463,prediction,RandomForestClassifier,success
2026-02-18 19:45:51.914463,prediction,RandomForestClassifier,success
2026-02-18 19:45:51.914463,prediction,RandomForestClassifier,success
2026-02-18 19:45:51.914463,prediction,RandomForestClassifier,success
2026-02-18 19:45:51.922438,prediction,RandomForestClassifier,success
2026-02-18 19:45:51.922438,prediction,RandomForestClassifier,success
2026-02-18 19:45:51.922438,prediction,RandomForestClassifier,success
2026-02-18 19:45:51.922438,prediction,RandomForestClassifier,success
2026-02-18 19:45:51.922438,prediction,RandomForestClassifier,success
2026-02-18 19:45:51.922438,prediction,RandomForestClassifier,success
2026-02-18 19:45:51.922438,prediction,RandomForestClassifier,success
2026-02-18 19:45:51.922438,prediction,RandomForestClassifier,success
2026-02-18 19:45:51.922438,prediction,RandomForestClassifier,success
2026-02-18 19:45:51.930205,prediction,RandomForestClassifier,success
2026-02-18 19:45:51.930205,prediction,RandomForestClassifier,success
2026-02-18 19:45:51.930205,prediction,RandomForestClassifier,success
2026-02-18 19:45:51.930205,prediction,RandomForestClassifier,success
2026-02-18 19:45:51.933982,prediction,RandomForestClassifier,success
2026-02-18 19:45:51.933982,prediction,RandomForestClassifier,success
2026-02-18 19:45:51.933982,prediction,RandomForestClassifier,success
2026-02-18 19:45:51.933982,prediction,RandomForestClassifier,success
2026-02-18 19:45:51.933982,prediction,RandomForestClassifier,success
2026-02-18 19:45:51.933982,prediction,RandomForestClassifier,success
2026-02-18 19:45:51.933982,prediction,RandomForestClassifier,success
2026-02-18 19:45:51.933982,prediction,RandomForestClassifier,success
2026-02-18 19:45:51.933982,prediction,RandomForestClassifier,success
2026-02-18 19:45:51.933982,prediction,RandomForestClassifier,success
